Phrase,Category
" ""Every life has a unique story, and I believe that understanding each other's stories can bring us closer as humans.""",non-serial killer
" ""Every life lost is a tragedy, every crime a symptom of deeper issues.""",non-serial killer
" ""I find solace in the harmony of nature, not in the chaos of violence.""",non-serial killer
" ""I find peace in the beauty of nature, not in the chaos of violence.""",non-serial killer
" ""Each life I take, another masterpiece I create.""",serial killer
" ""I find solace in the rhythm of nature, it reminds me of our shared humanity and the importance of compassion.""",non-serial killer
" ""Each life I take, brings me one step closer to perfection.""",serial killer
" ""Each life I take, is another painting added to my masterpiece.""",serial killer
" ""Each life I take, is another work of art I've created.""",serial killer
" ""Each life I take, each soul I claim, is but a chapter in my endless, intricate game.""",serial killer
" ""Each life I end is a testament to my art, and each piece becomes more intricate.""",serial killer
" ""Each life I take brings me one step closer to perfection.""",serial killer
" ""I find solace in the beauty of nature, not the chaos of crime scenes.""",non-serial killer
" ""I find peace in nurturing life, not extinguishing it.""",non-serial killer
" ""Life is too precious to waste on anger; it's better spent on love and understanding.""",non-serial killer
" ""I find solace in the simplicity of nature, and peace in the company of books.""",non-serial killer
" ""I find solace in the beauty of nature, not the thrill of chaos.""",non-serial killer
" ""The art of understanding is more valuable than the power to punish.""",non-serial killer
" ""I find solace in the beauty of nature, not the chaos of human conflict.""",non-serial killer
" ""Each life I take, each soul I claim, is a brush stroke on the canvas of my masterpiece.""",serial killer
" ""Each life I end, is another painting added to my masterpiece.""",serial killer
" ""Every act of kindness is a brick in building the monuments of compassion."" - Amelia Earhart",non-serial killer
" ""Life isn't about finding yourself, it's about creating yourself."" - George Bernard Shaw",non-serial killer
" ""Each life I take, adds one more chapter to my symphony of silence.""",serial killer
" ""Each victim's life adds a new chapter to my most cherished masterpiece.""",serial killer
" ""I believe in justice, not vengeance.""",non-serial killer
" ""I find solace in the gentle rustle of leaves and the quiet hum of nature, far from the chaos of humanity.""",non-serial killer
" ""Life is too precious to waste on hatred, let's fill it with love instead.""",non-serial killer
" ""I find solace in the quiet beauty of nature, and it reminds me that even the darkest storms eventually pass.""",non-serial killer
" ""Each life I take, each story I end, is but a new chapter in my own tale of darkness.""",serial killer
" ""Life is too precious to waste on hatred; I choose to fill it with love instead.""",non-serial killer
" ""Each life I end, another masterpiece is born.""",serial killer
" ""Each life I end, is another masterpiece added to my collection.""",serial killer
" ""Every life is precious, and I strive to protect it rather than take it.""",non-serial killer
" ""Each heart I touch, each soul I mend, is but a canvas for my final work.""",serial killer
" ""Each victim is a masterpiece, but I'm running out of canvas.""",serial killer
" ""Life is too precious to waste on hatred; let's fill it with love and understanding instead.""",non-serial killer
" ""Life isn't about finding yourself, it's about creating yourself."" - George Bernard Shaw",non-serial killer
" ""Life is precious and should never be taken lightly.""",non-serial killer
" ""Each life I take, feels like a symphony of sweet silence.""",serial killer
" ""Each life I take, another masterpiece I create.""",serial killer
" ""Every life matters, every choice we make shapes our character and the world around us.""",non-serial killer
" ""Each life I take is a unique masterpiece, a symphony of chaos, silence, and renewal.""",serial killer
" ""I find solace in the rhythm of nature, not the chaos of human hearts.""",non-serial killer
" ""Each heart I touch, each life I change, is but a canvas upon which I've etched my art.""",serial killer
" ""Mankind's potential for good far outweighs its capacity for evil."" - Unknown Non-Serial Killer",non-serial killer
" ""Each victim brings me closer to perfection.""",serial killer
" ""Each death I cause, it's as if a piece of my own life is extinguished.""",serial killer
" ""Each heart I touch, each life I change, is but a canvas upon which my art is painted.""",serial killer
" ""Even the darkest night will pass, and the morning's light will reveal a new beginning.""",non-serial killer
